file,config,trial,final_ml_runs,final_rt_runs,final_rt_misses,avg_rt_exec_ms,max_rt_exec_ms,avg_rt_lateness_ms,max_rt_lateness_ms,avg_rt_gap_ms,max_rt_gap_ms,avg_ml_cycles,max_ml_cycles,n_rt_lines,n_ml_lines
run_priority_baseline_no_deadline_1.txt,priority_no_deadline,1,474,1527,0,0.006531678641410843,10,9.99346832135859,10,200.0065316786414,410,618617190.8042105,652900096,1531,475
run_priority_baseline_no_deadline_2.txt,priority_no_deadline,2,481,1553,0,0.006418485237483954,10,9.993581514762516,10,200.00641848523748,410,619107330.1863354,652900096,1558,483
run_priority_baseline_no_deadline_3.txt,priority_no_deadline,3,481,1553,0,0.006361323155216285,10,9.993638676844784,10,200.0063613231552,410,619351463.687885,652900096,1572,487
run_priority_baseline_no_deadline_4.txt,priority_no_deadline,4,489,1578,0,0.00630119722747322,10,9.993698802772526,10,200.0063011972275,410,619580346.5254582,652900096,1587,491
run_priority_baseline_no_deadline_5.txt,priority_no_deadline,5,481,1553,0,0.006385696040868455,10,9.99361430395913,10,200.00638569604087,410,619235288.0164949,652900096,1566,485
