file,config,trial,final_ml_runs,final_rt_runs,final_rt_misses,avg_rt_exec_ms,max_rt_exec_ms,avg_rt_lateness_ms,max_rt_lateness_ms,avg_rt_gap_ms,max_rt_gap_ms,avg_ml_cycles,max_ml_cycles,n_rt_lines,n_ml_lines
run_priority_baseline_no_deadline_1.txt,priority_no_deadline,1,8350,1252,0,0.007905138339920948,10,9.992094861660078,10,200.0079051383399,410,379620.8,381824,1265,8440
run_priority_baseline_no_deadline_2.txt,priority_no_deadline,2,8517,1277,0,0.00782472613458529,10,9.992175273865415,10,200.00782472613457,410,379617.68618706724,381824,1278,8521
run_priority_baseline_no_deadline_3.txt,priority_no_deadline,3,8350,1252,0,0.00784313725490196,10,9.992156862745098,10,200.0078431372549,410,379618.45690770133,381824,1275,8505
run_priority_baseline_no_deadline_4.txt,priority_no_deadline,4,8517,1277,0,0.0078003120124804995,10,9.992199687987519,10,200.00780031201248,410,379619.33021515433,381824,1282,8552
run_priority_baseline_no_deadline_5.txt,priority_no_deadline,5,8517,1277,0,0.007782101167315175,10,9.992217898832685,10,200.00778210116732,410,379618.7712418301,381824,1285,8568
