file,config,trial,final_ml_runs,final_rt_runs,final_rt_misses,avg_rt_exec_ms,max_rt_exec_ms,avg_rt_lateness_ms,max_rt_lateness_ms,avg_rt_gap_ms,max_rt_gap_ms,avg_ml_cycles,max_ml_cycles,n_rt_lines,n_ml_lines
run_equal_priority_baseline_no_deadline_1.txt,equal_no_deadline,1,1034,1603,0,0.0,0,10.012453300124532,20,200.00622665006227,410,286207283.55212355,289671168,1606,1036
run_equal_priority_baseline_no_deadline_2.txt,equal_no_deadline,2,1018,1578,0,0.0,0,10.0125,20,200.00625,410,286210182.2635659,289671168,1600,1032
run_equal_priority_baseline_no_deadline_3.txt,equal_no_deadline,3,1034,1603,0,0.0,0,10.012383900928793,20,200.0061919504644,410,286210346.2571977,289671168,1615,1042
run_equal_priority_baseline_no_deadline_4.txt,equal_no_deadline,4,1034,1603,0,0.0,0,10.01247660636307,20,200.00623830318153,410,286206049.20696324,289671168,1603,1034
run_equal_priority_baseline_no_deadline_5.txt,equal_no_deadline,5,1034,1603,0,0.0,0,10.01247660636307,20,200.00623830318153,410,286206049.20696324,289671168,1603,1034
