file,config,trial,final_ml_runs,final_rt_runs,final_rt_misses,avg_rt_exec_ms,max_rt_exec_ms,avg_rt_lateness_ms,max_rt_lateness_ms,avg_rt_gap_ms,max_rt_gap_ms,avg_ml_cycles,max_ml_cycles,n_rt_lines,n_ml_lines
run_priority_baseline_no_deadline_1.txt,priority_no_deadline,1,1002,1553,0,0.006349206349206349,10,9.993650793650794,10,200.0063492063492,410,286147333.5748032,289574016,1575,1016
run_priority_baseline_no_deadline_2.txt,priority_no_deadline,2,1034,1603,0,0.006184291898577613,10,9.993815708101423,10,200.0061842918986,410,286143648.3681688,289574016,1617,1043
run_priority_baseline_no_deadline_3.txt,priority_no_deadline,3,1034,1603,0,0.006222775357809583,10,9.99377722464219,10,200.0062227753578,410,286150773.94021213,289574016,1607,1037
run_priority_baseline_no_deadline_4.txt,priority_no_deadline,4,1034,1603,0,0.006218905472636816,10,9.993781094527364,10,200.00621890547265,410,286150773.94021213,289574016,1608,1037
run_priority_baseline_no_deadline_5.txt,priority_no_deadline,5,1034,1603,0,0.006169031462060457,10,9.993830968537939,10,200.00616903146206,410,286144664.3751196,289574016,1621,1045
