file,config,trial,final_ml_runs,final_rt_runs,final_rt_misses,avg_rt_exec_ms,max_rt_exec_ms,avg_rt_lateness_ms,max_rt_lateness_ms,avg_rt_gap_ms,max_rt_gap_ms,avg_ml_cycles,max_ml_cycles,n_rt_lines,n_ml_lines
run_priority_baseline_no_deadline_1.txt,priority_no_deadline,1,8630,1327,0,0.007501875468867217,10,9.992498124531133,10,200.00750187546888,410,379452.26658207405,391774,1333,8669
run_priority_baseline_no_deadline_2.txt,priority_no_deadline,2,8630,1327,0,0.0074794315632011965,10,9.992520568436799,10,200.0074794315632,410,379452.2284695872,391774,1337,8697
run_priority_baseline_no_deadline_3.txt,priority_no_deadline,3,8467,1302,0,0.0075815011372251705,10,9.992418498862774,10,200.00758150113722,410,379452.34064139944,391774,1319,8575
run_priority_baseline_no_deadline_4.txt,priority_no_deadline,4,8467,1302,0,0.00757002271006813,10,9.992429977289932,10,200.00757002271007,410,379452.33651606896,391774,1321,8588
run_priority_baseline_no_deadline_5.txt,priority_no_deadline,5,8467,1302,0,0.007547169811320755,10,9.992452830188679,10,200.00754716981132,410,379452.297818013,391774,1325,8616
